Transaction Date,Post Date,Description,Category,Type,Amount
01/03/2026,01/04/2026,PAYROLL DEPOSIT,Income,Deposit,2450.00
01/05/2026,01/06/2026,RENT PAYMENT,Bills,Sale,-1800.00
01/08/2026,01/09/2026,KROGER 00123 SEATTLE WA,Groceries,Sale,-134.19
01/10/2026,01/11/2026,NETFLIX.COM,Subscriptions,Sale,-15.49
01/12/2026,01/13/2026,SHELL OIL 5734 TACOMA,Gas,Sale,-41.20
01/15/2026,01/16/2026,STARBUCKS STORE 5401,Food,Sale,-6.85
01/17/2026,01/18/2026,DOORDASH*MYSPOT,Food,Sale,-28.75
01/19/2026,01/20/2026,VENMO PAYMENT FROM ALEX,Income,Deposit,75.00
01/22/2026,01/23/2026,COMCAST CABLE,Bills,Sale,-89.99
01/24/2026,01/25/2026,ZZQQ VENDOR 44821,Other,Sale,-310.00
01/26/2026,01/27/2026,DELTA AIR LINES 0062,Travel,Sale,-412.40
01/29/2026,01/30/2026,MONTHLY MAINTENANCE FEE,Fees,Fee,-15.00
